,Index,Answer,StartTimeAnswer,EndTimeAnswer,AnswerTime
0,1,12,21.12365198135376,27.671079874038696,6.5474278926849365
1,3,"“-10, 20, 30, 40, 50, 60”",72.04827880859375,83.98663997650146,11.938361167907715
2,5,Odd Number,110.94757199287415,114.87756896018982,3.929996967315674
3,7,TRUE,161.61377692222595,166.36682391166687,4.753046989440918
4,9,27,187.76620388031006,191.69948887825012,3.9332849979400635
5,11,101,219.08657598495483,222.7482979297638,3.66172194480896
6,13,"{3,3},  {6,6}",242.91653895378113,248.00647497177124,5.089936017990112
7,15,Prime,276.85615587234497,279.76317977905273,2.9070239067077637
