,Index,Answer,StartTimeAnswer,EndTimeAnswer,AnswerTime
0,1,15,35.55308699607849,38.678223848342896,3.1251368522644043
1,3,"“60, 50, 40, 30, 20, -10”",67.69569206237793,79.15268206596375,11.456990003585815
2,5,Odd Number,128.90506601333618,132.8258068561554,3.920740842819214
3,7,TRUE,169.27273893356323,172.74987888336182,3.477139949798584
4,9,27,204.62113404273987,207.96531105041504,3.344177007675171
5,11,10100,241.8918490409851,244.42112588882446,2.5292768478393555
6,13,"{6,6,6},  {12,12,12},  {18,18,18}",300.7552478313446,303.75381803512573,2.998570203781128
7,15,Prime,357.17536997795105,358.8848829269409,1.7095129489898682
