,Index,Answer,StartTimeAnswer,EndTimeAnswer,AnswerTime
0,1,15,3.0887389183044434,3.680158853530884,0.5914199352264404
1,3,"“60, 50, 40, 30, 20, -10”",4.426162004470825,4.763260841369629,0.3370988368988037
2,5,Even Number,5.47635293006897,5.797493934631348,0.32114100456237793
3,7,TRUE,6.466702938079834,6.846685886383057,0.37998294830322266
4,9,9,7.4680259227752686,7.696413993835449,0.22838807106018066
5,11,10010,8.318748950958252,8.49727201461792,0.17852306365966797
6,13,"{6,6,6},  {12,12,12},  {18,18,18}",9.100657939910889,9.263222932815552,0.16256499290466309
7,15,Not Prime,9.956370830535889,10.146859884262085,0.1904890537261963
