,Index,Answer,StartTimeAnswer,EndTimeAnswer,AnswerTime
0,1,15,72.03037309646606,73.2780990600586,1.2477259635925293
1,3,"“-10, 20, 30, 40, 50, 60”",301.0356390476227,305.2119369506836,4.176297903060913
2,5,Odd Number,355.81491899490356,357.2350420951843,1.4201231002807617
3,7,FALSE,469.39517402648926,470.51318192481995,1.1180078983306885
4,9,9,510.7806839942932,514.6947200298309,3.9140360355377197
5,11,100,569.6943171024323,574.6088399887085,4.914522886276245
6,13,"{2,2},  {4,4}",708.1417009830475,711.0789020061493,2.9372010231018066
7,15,Not Prime,781.5905590057373,782.6843330860138,1.0937740802764893
