,Index,Answer,StartTimeAnswer,EndTimeAnswer,AnswerTime
0,1,15,8.593130826950073,22.636090993881226,14.042960166931152
1,3,"“-10, 20, 30, 40, 50, 60”",95.34352993965149,107.4600818157196,12.116551876068115
2,5,Odd Number,152.32106280326843,161.25013995170593,8.9290771484375
3,7,TRUE,250.40494894981384,263.0202829837799,12.615334033966064
4,9,9,320.93612003326416,323.17711186408997,2.2409918308258057
5,11,100,371.2716238498688,375.90809297561646,4.636469125747681
6,13,"{3,3},  {6,6}",426.3951578140259,432.68661189079285,6.291454076766968
7,15,Not Prime,513.9537358283997,519.1861410140991,5.232405185699463
