,Index,Answer,StartTimeAnswer,EndTimeAnswer,AnswerTime
0,1,15,36.05896592140198,37.57443690299988,1.5154709815979004
1,3,"“-10, 20, 30, 40, 50, 60”",96.40910577774048,99.3131148815155,2.9040091037750244
2,5,Odd Number,170.86083793640137,172.30222988128662,1.441391944885254
3,7,FALSE,233.54129600524902,234.80001783370972,1.2587218284606934
4,9,27,285.2784309387207,286.84004378318787,1.561612844467163
5,11,100,326.8913679122925,329.8719708919525,2.980602979660034
6,13,"{2,2},  {4,4}",456.12177181243896,463.93371081352234,7.811939001083374
7,15,Prime,521.0853679180145,523.3810229301453,2.2956550121307373
