,Index,Answer,StartTimeAnswer,EndTimeAnswer,AnswerTime
0,1,15,15.434152126312256,21.404749155044556,5.9705970287323
1,3,"“60, 50, 40, 30, 20, -10”",22.7798330783844,23.55197811126709,0.7721450328826904
2,5,Odd Number,27.224828004837036,28.878499031066895,1.6536710262298584
3,7,FALSE,30.263554096221924,31.396378993988037,1.1328248977661133
4,9,27,32.29912996292114,33.43762516975403,1.1384952068328857
5,11,100,34.29642701148987,35.09529495239258,0.79886794090271
6,13,"{3,3},  {6,6}",36.076292991638184,37.56271314620972,1.4864201545715332
7,15,Prime,38.388092041015625,39.52912998199463,1.141037940979004
