,Index,Answer,StartTimeAnswer,EndTimeAnswer,AnswerTime
0,1,15,11.299044847488403,12.71872091293335,1.4196760654449463
1,3,"“-10, 20, 30, 40, 50, 60”",17.4180908203125,19.41062092781067,1.992530107498169
2,5,Odd Number,22.290190935134888,22.940912008285522,0.6507210731506348
3,7,TRUE,24.71437096595764,26.08750295639038,1.3731319904327393
4,9,9,28.186217784881592,28.967448949813843,0.781231164932251
5,11,10010,40.10005784034729,41.92404389381409,1.8239860534667969
6,13,"{3,3,3},  {12,12,12}, {6,6,6}",45.37846779823303,47.94653797149658,2.56807017326355
7,15,Prime,56.22426795959473,57.490187883377075,1.2659199237823486
