,Index,Answer,StartTimeAnswer,EndTimeAnswer,AnswerTime
0,1,15,4.176310062408447,4.6974170207977295,0.5211069583892822
1,3,"“60, 50, 40, 30, 20, -10”",6.039258003234863,6.579831123352051,0.5405731201171875
2,5,Even Number,7.575806140899658,7.872053146362305,0.2962470054626465
3,7,TRUE,8.711812019348145,9.014219999313354,0.30240797996520996
4,9,9,9.833731174468994,10.080077171325684,0.24634599685668945
5,11,100,10.881436109542847,11.33857011795044,0.4571340084075928
6,13,"{3,3},  {6,6}",12.135674953460693,12.363065958023071,0.22739100456237793
7,15,Not Prime,13.121088027954102,13.396739959716797,0.2756519317626953
