,Index,Answer,StartTimeAnswer,EndTimeAnswer,AnswerTime
0,1,15,74.49821996688843,79.64947295188904,5.15125298500061
1,3,"“60, 50, 40, 30, 20, -10”",157.64188480377197,160.74059891700745,3.0987141132354736
2,5,Odd Number,223.13721585273743,226.97112584114075,3.8339099884033203
3,7,FALSE,293.2096109390259,294.4522728919983,1.242661952972412
4,9,27,347.9659888744354,348.966383934021,1.0003950595855713
5,11,10010,418.40133690834045,424.4966769218445,6.095340013504028
6,13,"{3,3,3},  {12,12,12}, {6,6,6}",524.6490008831024,537.7929399013519,13.143939018249512
7,15,Not Prime,599.1833698749542,603.0485689640045,3.865199089050293
