,Index,Answer,StartTimeAnswer,EndTimeAnswer,AnswerTime
0,1,15,44.00275802612305,44.81259298324585,0.8098349571228027
1,3,"“-10, 20, 30, 40, 50, 60”",125.64318084716797,127.09226703643799,1.4490861892700195
2,5,Odd Number,175.37452387809753,176.52444887161255,1.1499249935150146
3,7,FALSE,230.09041500091553,231.23092603683472,1.1405110359191895
4,9,27,254.17221593856812,255.05399298667908,0.8817770481109619
5,11,100,271.9223139286041,275.5293860435486,3.607072114944458
6,13,"{3,3},  {6,6}",311.96911883354187,324.6349940299988,12.66587519645691
7,15,Prime,366.80559492111206,368.01634097099304,1.2107460498809814
