,Index,Answer,StartTimeAnswer,EndTimeAnswer,AnswerTime
0,1,15,17.646226167678833,20.388252019882202,2.742025852203369
1,3,"“60, 50, 40, 30, 20, -10”",27.51417112350464,31.89260506629944,4.3784339427948
2,5,Even Number,56.68829011917114,58.72302198410034,2.034731864929199
3,7,FALSE,61.55042004585266,62.865029096603394,1.3146090507507324
4,9,27,68.79227614402771,69.62500214576721,0.832726001739502
5,11,10100,73.30435514450073,74.19471001625061,0.8903548717498779
6,13,"{3,3,3},  {12,12,12}, {6,6,6}",78.33430314064026,79.3370041847229,1.0027010440826416
7,15,Prime,84.46046304702759,85.33186721801758,0.8714041709899902
