,Index,Answer,StartTimeAnswer,EndTimeAnswer,AnswerTime
0,1,15,51.47884702682495,57.1211998462677,5.642352819442749
1,3,"“60, 50, 40, 30, 20, -10”",127.80262994766235,133.06796503067017,5.2653350830078125
2,5,Odd Number,268.2444200515747,275.59565782546997,7.351237773895264
3,7,FALSE,405.84262704849243,411.4572260379791,5.614598989486694
4,9,9,496.29027485847473,498.8871328830719,2.596858024597168
5,11,101,593.0970509052277,597.6339099407196,4.536859035491943
6,13,"{3,3},  {6,6}",715.2497930526733,719.3125419616699,4.062748908996582
7,15,Prime,814.065878868103,816.8085479736328,2.742669105529785
