,Index,Answer,StartTimeAnswer,EndTimeAnswer,AnswerTime
0,1,15,33.84341597557068,35.972042083740234,2.1286261081695557
1,3,"“60, 50, 40, 30, 20, -10”",70.80070805549622,76.97021007537842,6.169502019882202
2,5,Odd Number,107.08006405830383,114.08555507659912,7.005491018295288
3,7,TRUE,161.16899919509888,165.4010829925537,4.232083797454834
4,9,9,198.00302004814148,205.04897117614746,7.0459511280059814
5,11,100,231.65074610710144,237.2405240535736,5.589777946472168
6,13,"{2,2},  {4,4}",283.56901502609253,287.0795681476593,3.5105531215667725
7,15,Not Prime,316.68329215049744,325.21166014671326,8.52836799621582
