,Index,Answer,StartTimeAnswer,EndTimeAnswer,AnswerTime
0,1,15,50.24821591377258,53.16049289703369,2.9122769832611084
1,3,"“-10, 20, 30, 40, 50, 60”",114.74687194824219,118.12603807449341,3.3791661262512207
2,5,Odd Number,207.65517592430115,211.87287712097168,4.217701196670532
3,7,FALSE,321.6673800945282,324.13519406318665,2.4678139686584473
4,9,27,378.24846506118774,380.48350191116333,2.235036849975586
5,11,10010,450.54845809936523,463.4136528968811,12.86519479751587
6,13,"{6,6,6},  {12,12,12},  {18,18,18}",594.3807430267334,596.4920969009399,2.111353874206543
7,15,Prime,638.4794790744781,640.7085189819336,2.2290399074554443
