,Index,Answer,StartTimeAnswer,EndTimeAnswer,AnswerTime
0,1,15,4.1482319831848145,8.04021692276001,3.8919849395751953
1,3,"“60, 50, 40, 30, 20, -10”",10.326215028762817,11.377678871154785,1.0514638423919678
2,5,Even Number,12.868659019470215,15.63051986694336,2.7618608474731445
3,7,TRUE,17.787237882614136,20.20603084564209,2.418792963027954
4,9,9,21.343214988708496,22.461341857910156,1.1181268692016602
5,11,10010,23.88823890686035,25.78034281730652,1.892103910446167
6,13,"{6,6,6},  {12,12,12},  {18,18,18}",27.23627781867981,31.007266998291016,3.770989179611206
7,15,Not Prime,33.15454888343811,34.69027495384216,1.5357260704040527
