,Index,Answer,StartTimeAnswer,EndTimeAnswer,AnswerTime
0,1,15,81.3471028804779,84.177081823349,2.8299789428710938
1,3,"“-10, 20, 30, 40, 50, 60”",217.63388180732727,228.5378499031067,10.903968095779419
2,5,Odd Number,357.68251299858093,363.87463879585266,6.1921257972717285
3,7,FALSE,502.8255069255829,505.7440187931061,2.9185118675231934
4,9,27,628.4253540039062,630.2728269100189,1.847472906112671
5,11,100,744.5561039447784,749.9106278419495,5.3545238971710205
6,13,"{2,2},  {4,4}",956.0314919948578,959.5108728408813,3.4793808460235596
7,15,Not Prime,1117.9970078468323,1129.8460409641266,11.849033117294312
