,Index,Answer,StartTimeAnswer,EndTimeAnswer,AnswerTime
0,1,15,11.819161891937256,15.379991054534912,3.5608291625976562
1,3,"“60, 50, 40, 30, 20, -10”",30.222909927368164,39.91253995895386,9.689630031585693
2,5,Odd Number,54.9597430229187,59.54522395133972,4.5854809284210205
3,7,TRUE,85.84053206443787,89.2776939868927,3.437161922454834
4,9,27,108.98697996139526,111.02652311325073,2.0395431518554688
5,11,100,129.45976901054382,131.45963406562805,1.9998650550842285
6,13,"{3,3},  {6,6}",144.38205909729004,147.68440008163452,3.3023409843444824
7,15,Prime,169.9631929397583,172.2910349369049,2.3278419971466064
