,Index,Answer,StartTimeAnswer,EndTimeAnswer,AnswerTime
0,1,15,80.36462616920471,115.47563409805298,35.11100792884827
1,3,"“-10, 20, 30, 40, 50, 60”",211.06673908233643,217.24726819992065,6.1805291175842285
2,5,Odd Number,258.8327360153198,261.0039141178131,2.171178102493286
3,7,TRUE,305.2381000518799,308.55186915397644,3.3137691020965576
4,9,27,388.3519780635834,389.0830240249634,0.7310459613800049
5,11,10010,432.5993220806122,481.62866401672363,49.02934193611145
6,13,"{3,3,3},  {12,12,12}, {6,6,6}",537.867429971695,553.3094801902771,15.442050218582153
7,15,Prime,588.0810151100159,588.7671790122986,0.6861639022827148
