,Index,Answer,StartTimeAnswer,EndTimeAnswer,AnswerTime
0,1,15,63.557466983795166,67.47887301445007,3.9214060306549072
1,3,"“-10, 20, 30, 40, 50, 60”",160.13092708587646,162.32542419433594,2.1944971084594727
2,5,Odd Number,232.6297631263733,235.39771008491516,2.76794695854187
3,7,FALSE,318.8452191352844,320.3940620422363,1.5488429069519043
4,9,9,399.8098030090332,403.39029812812805,3.5804951190948486
5,11,101,487.37207198143005,491.4039831161499,4.031911134719849
6,13,"{3,3},  {6,6}",601.9546539783478,609.1655759811401,7.210922002792358
7,15,Prime,668.1055281162262,670.3471941947937,2.241666078567505
