,Index,Answer,StartTimeAnswer,EndTimeAnswer,AnswerTime
0,1,15,87.6304280757904,92.59475207328796,4.964323997497559
1,3,"“-10, 20, 30, 40, 50, 60”",290.91958808898926,296.969801902771,6.050213813781738
2,5,Odd Number,413.76336097717285,418.04896688461304,4.2856059074401855
3,7,FALSE,607.1783049106598,609.6922459602356,2.5139410495758057
4,9,27,648.7422049045563,651.1410150527954,2.3988101482391357
5,11,10010,713.7266979217529,736.521467924118,22.794770002365112
6,13,"{6,6,6},  {12,12,12},  {18,18,18}",849.0229780673981,889.7326879501343,40.709709882736206
7,15,Prime,984.9188649654388,987.2128450870514,2.293980121612549
