,Index,Answer,StartTimeAnswer,EndTimeAnswer,AnswerTime
0,1,12,15.068051099777222,20.102482080459595,5.034430980682373
1,3,"“60, 50, 40, 30, 20, -10”",101.76293802261353,107.20950198173523,5.446563959121704
2,5,Even Number,144.95579409599304,149.79195713996887,4.83616304397583
3,7,TRUE,209.086492061615,215.87238597869873,6.78589391708374
4,9,9,285.60840010643005,286.9704689979553,1.3620688915252686
5,11,100,342.0692710876465,344.96715807914734,2.8978869915008545
6,13,"{2,2},  {4,4}",397.7258620262146,400.0407750606537,2.314913034439087
7,15,Not Prime,465.7200870513916,467.82924604415894,2.109158992767334
