,Index,Answer,StartTimeAnswer,EndTimeAnswer,AnswerTime
0,1,15,116.24720692634583,117.62643694877625,1.37923002243042
1,3,"“-10, 20, 30, 40, 50, 60”",286.10344099998474,289.32889890670776,3.2254579067230225
2,5,Odd Number,350.91824889183044,352.81822776794434,1.8999788761138916
3,7,FALSE,456.63192081451416,457.9811279773712,1.3492071628570557
4,9,9,563.7810668945312,565.1030969619751,1.3220300674438477
5,11,100,710.9767718315125,719.2880439758301,8.311272144317627
6,13,"{2,2},  {4,4}",763.1607258319855,765.4456968307495,2.284970998764038
7,15,Prime,789.6941339969635,791.1522178649902,1.4580838680267334
