,Index,Answer,StartTimeAnswer,EndTimeAnswer,AnswerTime
0,1,15,1.067357063293457,1.5560500621795654,0.4886929988861084
1,3,"“60, 50, 40, 30, 20, -10”",2.12532114982605,2.355713129043579,0.2303919792175293
2,5,Even Number,3.345250129699707,3.663583993911743,0.31833386421203613
3,7,TRUE,4.178776025772095,4.3891801834106445,0.2104041576385498
4,9,9,5.014043092727661,5.1970579624176025,0.1830148696899414
5,11,100,6.2816150188446045,6.622176170349121,0.3405611515045166
6,13,"{3,3},  {6,6}",7.332025051116943,7.547476053237915,0.21545100212097168
7,15,Not Prime,8.419185161590576,8.663524150848389,0.2443389892578125
