,Index,Answer,StartTimeAnswer,EndTimeAnswer,AnswerTime
0,1,15,136.64608812332153,144.4426429271698,7.796554803848267
1,3,"“-10, 20, 30, 40, 50, 60”",320.4806749820709,331.118891954422,10.638216972351074
2,5,Even Number,461.89391899108887,478.5970559120178,16.703136920928955
3,7,TRUE,646.8225541114807,655.3741610050201,8.551606893539429
4,9,9,737.3222351074219,742.7044489383698,5.382213830947876
5,11,10010,818.0387420654297,853.550283908844,35.51154184341431
6,13,"{6,6,6},  {12,12,12},  {18,18,18}",981.4509809017181,990.9958310127258,9.54485011100769
7,15,Not Prime,1088.4654729366302,1094.9583070278168,6.492834091186523
