,Index,Answer,StartTimeAnswer,EndTimeAnswer,AnswerTime
0,1,15,70.17104196548462,74.176766872406,4.005724906921387
1,3,"“-10, 20, 30, 40, 50, 60”",147.26668405532837,149.90744495391846,2.640760898590088
2,5,Odd Number,208.05418586730957,215.77188205718994,7.717696189880371
3,7,FALSE,308.45328283309937,310.1020669937134,1.6487841606140137
4,9,27,378.0035400390625,382.64915895462036,4.645618915557861
5,11,100,481.73073983192444,484.0284249782562,2.297685146331787
6,13,"{3,3},  {6,6}",611.0633859634399,616.8401570320129,5.776771068572998
7,15,Prime,714.8473629951477,716.794939994812,1.9475769996643066
