,Index,Answer,StartTimeAnswer,EndTimeAnswer,AnswerTime
0,1,15,44.1830689907074,47.361284017562866,3.1782150268554688
1,3,"“-10, 20, 30, 40, 50, 60”",94.25471091270447,106.61814403533936,12.363433122634888
2,5,Even Number,155.3873209953308,158.62427401542664,3.236953020095825
3,7,FALSE,216.48865294456482,219.28844499588013,2.7997920513153076
4,9,27,262.8399429321289,273.53605103492737,10.696108102798462
5,11,100,344.57005500793457,348.1584508419037,3.588395833969116
6,13,"{3,3},  {6,6}",410.4437370300293,417.2231948375702,6.7794578075408936
7,15,Not Prime,466.88274002075195,469.345449924469,2.462709903717041
