,Index,Answer,StartTimeAnswer,EndTimeAnswer,AnswerTime
0,1,15,40.96576905250549,48.95294904708862,7.98717999458313
1,3,"“-10, 20, 30, 40, 50, 60”",150.98827505111694,165.2902491092682,14.301974058151245
2,5,Odd Number,200.56956911087036,203.3554651737213,2.785896062850952
3,7,TRUE,264.81863808631897,268.51945900917053,3.7008209228515625
4,9,27,300.68837213516235,302.50252294540405,1.8141508102416992
5,11,100,329.63784193992615,336.6341381072998,6.996296167373657
6,13,"{2,2},  {4,4}",379.8226361274719,385.44907307624817,5.626436948776245
7,15,Prime,414.9019470214844,418.4315130710602,3.5295660495758057
