,Index,Answer,StartTimeAnswer,EndTimeAnswer,AnswerTime
0,1,15,40.611685037612915,43.2804000377655,2.668715000152588
1,3,"“-10, 20, 30, 40, 50, 60”",106.49074506759644,110.17057299613953,3.679827928543091
2,5,Odd Number,166.59363198280334,171.07640504837036,4.482773065567017
3,7,FALSE,253.85930109024048,255.25743103027344,1.398129940032959
4,9,27,319.1215181350708,322.05467104911804,2.933152914047241
5,11,100,400.30786418914795,405.3852310180664,5.077366828918457
6,13,"{3,3},  {6,6}",579.9204051494598,584.3119859695435,4.391580820083618
7,15,Not Prime,619.283744096756,620.9605710506439,1.6768269538879395
