,Index,Answer,StartTimeAnswer,EndTimeAnswer,AnswerTime
0,1,15,47.268152952194214,49.379504919052124,2.11135196685791
1,3,"“-10, 20, 30, 40, 50, 60”",99.16482400894165,103.8020350933075,4.637211084365845
2,5,Odd Number,147.54794096946716,148.91748189926147,1.3695409297943115
3,7,FALSE,227.36404299736023,229.6645679473877,2.300524950027466
4,9,27,275.86429500579834,279.79568696022034,3.931391954421997
5,11,100,347.605751991272,350.15190505981445,2.5461530685424805
6,13,"{2,2},  {4,4}",439.8456959724426,443.4485239982605,3.602828025817871
7,15,Not Prime,519.8297979831696,523.3202319145203,3.490433931350708
