,Index,Answer,StartTimeAnswer,EndTimeAnswer,AnswerTime
0,1,15,51.432361125946045,52.295053005218506,0.8626918792724609
1,3,"“-10, 20, 30, 40, 50, 60”",118.28789019584656,119.5272581577301,1.239367961883545
2,5,Odd Number,152.02334809303284,153.34887599945068,1.3255279064178467
3,7,FALSE,218.47479915618896,220.20616722106934,1.731368064880371
4,9,27,275.6398620605469,276.7296061515808,1.0897440910339355
5,11,10010,311.598717212677,315.58619117736816,3.987473964691162
6,13,"{6,6,6},  {12,12,12},  {18,18,18}",366.6165990829468,368.052451133728,1.43585205078125
7,15,Prime,481.2889850139618,483.77033710479736,2.4813520908355713
