,Index,Answer,StartTimeAnswer,EndTimeAnswer,AnswerTime
0,1,12,58.260185956954956,78.68717789649963,20.426991939544678
1,3,"“-10, 20, 30, 40, 50, 60”",179.96867990493774,190.13247990608215,10.16380000114441
2,5,Odd Number,263.3101189136505,266.7629358768463,3.452816963195801
3,7,FALSE,360.5932059288025,365.8757998943329,5.2825939655303955
4,9,27,415.90819907188416,418.8568489551544,2.9486498832702637
5,11,100,491.14007902145386,498.6211578845978,7.481078863143921
6,13,"{2,2},  {4,4}",579.6923730373383,583.3005208969116,3.6081478595733643
7,15,Prime,607.891016960144,609.9754400253296,2.084423065185547
