,Index,Answer,StartTimeAnswer,EndTimeAnswer,AnswerTime
0,1,15,57.9028000831604,59.41225600242615,1.509455919265747
1,3,"“-10, 20, 30, 40, 50, 60”",109.50586104393005,112.69331693649292,3.187455892562866
2,5,Odd Number,169.6076729297638,178.44993710517883,8.842264175415039
3,7,TRUE,231.08697414398193,242.1716709136963,11.084696769714355
4,9,27,303.24587893486023,313.4272539615631,10.18137502670288
5,11,100,396.61696791648865,398.3994290828705,1.782461166381836
6,13,"{2,2},  {4,4}",481.201553106308,484.6959159374237,3.4943628311157227
7,15,Prime,566.0830290317535,567.0264890193939,0.9434599876403809
