,Index,Answer,StartTimeAnswer,EndTimeAnswer,AnswerTime
0,1,15,55.72575902938843,57.145286083221436,1.4195270538330078
1,3,"“-10, 20, 30, 40, 50, 60”",139.92297101020813,142.06721901893616,2.1442480087280273
2,5,Even Number,202.6854920387268,215.40662217140198,12.721130132675171
3,7,FALSE,308.678514957428,309.9788541793823,1.3003392219543457
4,9,9,363.2847399711609,364.76050209999084,1.475762128829956
5,11,100,438.33517503738403,442.0488750934601,3.71370005607605
6,13,"{3,3},  {6,6}",574.3262820243835,577.8607470989227,3.5344650745391846
7,15,Prime,642.5473370552063,644.274896144867,1.7275590896606445
