,Index,Answer,StartTimeAnswer,EndTimeAnswer,AnswerTime
0,1,15,9.986768960952759,10.386226892471313,0.3994579315185547
1,3,"“60, 50, 40, 30, 20, -10”",11.342220067977905,11.629647016525269,0.2874269485473633
2,5,Even Number,12.445383071899414,12.73059892654419,0.2852158546447754
3,7,TRUE,13.51510500907898,13.72955584526062,0.21445083618164062
4,9,9,14.463811874389648,14.71314787864685,0.24933600425720215
5,11,100,15.416198968887329,15.632689952850342,0.2164909839630127
6,13,"{3,3},  {6,6}",16.383928060531616,16.549793004989624,0.1658649444580078
7,15,Not Prime,17.301920890808105,17.630388975143433,0.32846808433532715
