,Index,Answer,StartTimeAnswer,EndTimeAnswer,AnswerTime
0,1,15,47.90011715888977,49.66231107711792,1.7621939182281494
1,3,"“60, 50, 40, 30, 20, -10”",207.10307121276855,209.4228641986847,2.3197929859161377
2,5,Odd Number,262.2524712085724,263.20413422584534,0.9516630172729492
3,7,FALSE,306.71998620033264,308.16943311691284,1.4494469165802002
4,9,9,345.11847615242004,348.96013712882996,3.841660976409912
5,11,10010,430.71792101860046,433.041020154953,2.323099136352539
6,13,"{6,6,6},  {12,12,12},  {18,18,18}",437.3370280265808,438.0899980068207,0.7529699802398682
7,15,Not Prime,496.2196800708771,497.3536322116852,1.1339521408081055
