,Index,Answer,StartTimeAnswer,EndTimeAnswer,AnswerTime
0,1,15,78.26388788223267,80.66061186790466,2.396723985671997
1,3,"“-10, 20, 30, 40, 50, 60”",277.46756196022034,290.9198668003082,13.45230484008789
2,5,Odd Number,345.7838017940521,348.50985193252563,2.7260501384735107
3,7,FALSE,440.69727301597595,452.7884018421173,12.091128826141357
4,9,27,516.5788888931274,517.8105928897858,1.2317039966583252
5,11,100,593.156546831131,602.0406680107117,8.884121179580688
6,13,"{3,3},  {6,6}",709.1405379772186,718.4366250038147,9.29608702659607
7,15,Prime,778.6699559688568,781.5673968791962,2.8974409103393555
